,,,,,,,,,,,,,,,,,,,,,,,,,,,,,,,,,,
,,,,,,,,,,,,,,,,,,,,,,,,,,,,,,,,,,
JOAO PAULO,,,,,,,,,,,,,,,,,,,,,,,,,,,,,,,,,,
PLANILHA IMPORTAÇAO ,,,,,,,,,,,,,,,,,,,,,,,,,,,,,,,,,,
DI 17/1660795-9,,,,,,,,,,,,,,,,,,,,,,,,,,,,,,,,,,
PROCESSO Nº,,,,$ CAMBIO,"3,1674000",,,,,,,,,,,,,,,,,,,,,,,,,,,,,
Embarque,,,,,,,,,,,,,,,,,,,,,,,,,,,,,,,,,,
,,,,,,,,,,,,,,,,,,,,,,,,,,,,,,,,,,
ITEM,PREÇO UNITÁRIO EM MOEDA ESTRANGEIRA,QTDE,,VALOR ADUANEIRO       EM MOEDA EXTRANG,VALOR  ADUANEIRO  (VA )            EM REAIS,DESPESAS ADUANEIRAS (D),BC II,% II  (a),VALOR II,BC IPI,% IPI  (b),VALOR IPI,BC PIS COFINS,% PIS    ( c ),VALOR PIS,%COFINS  (d),COFINS,BC ICMS FINAL,% ICMS  (e),VALOR ICMS,VALOR UNITARIO REAL,VALOR TOTAL PRODUTO,% RATEIO DESPESAS ACESSÓRIAS,DESPESAS ACESSORIAS,TOTAL DESPESAS ACESSÓRIAS (IMPOSTOS),TOTAL DESPESAS SEM FRETE,TOTAL FRETE, ICMS FINAL,CLASSIFICAÇÃO FISCAL,MVA,BC ICMS st,Aliquota ICMS,valor ICMS ST,
,,,,,,,,,,,,,,,,,,,,,,,,,,,,,,,,,,
"OBL-12-01-01 - ACABAMENTO AUTOMOTIVO DA GRADE DIANTEIRA, LADO ESQUERDO E DIREITO EM PLASTICO ABS CROMADO COMPATIVEL COM AUTOMOVEL BMW X1 MOD ANO 2010. (SEM PINTURA E POLIMENTO NA PARTE TRASEIRA DAS PECAS, 3 QUALID.)","5,0000","5,0000",1,=B11*C11,=E11*$F$6,"=(1668,46*F11/($F$40))",=F11+G11,"18,00%",=(F11+G11)*I11,=F11+G11+J11,"5,00%",=(F11+G11+J11)*L11,=F11+G11,"2,10%",=O11*(F11+G11),"10,65%",=Q11*(F11+G11),"=((W11+Y11+R11+P11+M11+J11+G11)/0,82)","18,00%","=((F11+G11+J11+M11+P11+R11+Y11)/0,82)*T11",=W11/C11,=F11,=W11*100/$W$40,=$O$49*X11%,=G11+P11+R11+U11+Y11,=Z11-G11,=Z11-AA11,=S11*18%,,"0,00%","0,00",0%,"0,00",1
"OBL-16-08-26 - ACABAMENTO AUTOMOTIVO EM PLASTICO ABS CROMADO DO PARA-CHOQUE TRASEIRO TIPO FRISO BUMPER PARA O AUTOMOVEL CIVIC 16. (SEM PINTURA E POLIMENTO NA PARTE TRASEIRA DAS PECAS, 3 QUALID).","4,5000","10,0000",2,=B12*C12,=E12*$F$6,"=(1668,46*F12/($F$40))",=F12+G12,"18,00%",=(F12+G12)*I12,=F12+G12+J12,"5,00%",=(F12+G12+J12)*L12,=F12+G12,"2,10%",=O12*(F12+G12),"10,65%",=Q12*(F12+G12),"=((W12+Y12+R12+P12+M12+J12+G12)/0,82)","18,00%","=((F12+G12+J12+M12+P12+R12+Y12)/0,82)*T12",=W12/C12,=F12,=W12*100/$W$40,=$O$49*X12%,=G12+P12+R12+U12+Y12,=Z12-G12,=Z12-AA12,=S12*18%,,,,,,2
"OBL-16-08-09 - ACABAMENTO AUTOMOTIVO DA GRADE DE BAIXO DO PARACHOQUE DIANTEIRO TIPO FRISO, 2 PECAS UMA DE CIMA E OUTRA DE BAIXO, EM PLASTICO ABS CROMADO COMPATIVEL COM AUTOMOVEL? HONDA CIVIC 2016. (SEM PINTURA E POLIMENTO NA PARTE TRASEIRA DAS PECAS, 3 QUALID.)?","4,5000","3,0000",3,=B13*C13,=E13*$F$6,"=(1668,46*F13/($F$40))",=F13+G13,"18,00%",=(F13+G13)*I13,=F13+G13+J13,"5,00%",=(F13+G13+J13)*L13,=F13+G13,"2,10%",=O13*(F13+G13),"10,65%",=Q13*(F13+G13),"=((W13+Y13+R13+P13+M13+J13+G13)/0,82)","18,00%","=((F13+G13+J13+M13+P13+R13+Y13)/0,82)*T13",=W13/C13,=F13,=W13*100/$W$40,=$O$49*X13%,=G13+P13+R13+U13+Y13,=Z13-G13,=Z13-AA13,=S13*18%,,,,,,3
"OBL-14-26-31 - SOLEIRA AUTOMOTIVA DAS PORTAS, PARTE ACESSORIA DE AUTOMOVEL, PARA HRV? (CONJUNTO: 4 PECAS) . ( 3? QUALIDADE SEM ACABAMENTO/POLIMENTO NA PARTE TRASEIRA DAS PECAS,MATERIAL: PLASTICO ABS E ACO INOX)??","7,5000","20,0000",4,=B14*C14,=E14*$F$6,"=(1668,46*F14/($F$40))",=F14+G14,"18,00%",=(F14+G14)*I14,=F14+G14+J14,"5,00%",=(F14+G14+J14)*L14,=F14+G14,"2,10%",=O14*(F14+G14),"10,65%",=Q14*(F14+G14),"=((W14+Y14+R14+P14+M14+J14+G14)/0,82)","18,00%","=((F14+G14+J14+M14+P14+R14+Y14)/0,82)*T14",=W14/C14,=F14,=W14*100/$W$40,=$O$49*X14%,=G14+P14+R14+U14+Y14,=Z14-G14,=Z14-AA14,=S14*18%,,,,,,4
"OBL-16-37-25 - ACABAMENTO AUTOMOTIVO EM PLASTICO ABS CROMADO, CENTRAL,? DO PARA-CHOQUE DIANTEIRO PARA O AUTOMOVEL? COMPASS.? (SEM PINTURA E POLIMENTO NA PARTE TRASEIRA DAS PECAS, 3 QUALID.)?","4,4000","5,0000",5,=B15*C15,=E15*$F$6,"=(1668,46*F15/($F$40))",=F15+G15,"18,00%",=(F15+G15)*I15,=F15+G15+J15,"5,00%",=(F15+G15+J15)*L15,=F15+G15,"2,10%",=O15*(F15+G15),"10,65%",=Q15*(F15+G15),"=((W15+Y15+R15+P15+M15+J15+G15)/0,82)","18,00%","=((F15+G15+J15+M15+P15+R15+Y15)/0,82)*T15",=W15/C15,=F15,=W15*100/$W$40,=$O$49*X15%,=G15+P15+R15+U15+Y15,=Z15-G15,=Z15-AA15,=S15*18%,,,,,,5
"OBL-16-37-19 - ACABAMENTO AUTOMOTIVO TIPO MOLDURA EM VOLTA DO PORTA COPOS NO CONSOLE CENTRAL, EM PLASTICO ABS COMPATIVEL COM AUTOMOVEL JEEP COMPASS.? (SEM PINTURA E POLIMENTO NA PARTE TRASEIRA DAS PECAS, 3 QUALID.)?","3,1500","15,0000",6,=B16*C16,=E16*$F$6,"=(1668,46*F16/($F$40))",=F16+G16,"18,00%",=(F16+G16)*I16,=F16+G16+J16,"5,00%",=(F16+G16+J16)*L16,=F16+G16,"2,10%",=O16*(F16+G16),"10,65%",=Q16*(F16+G16),"=((W16+Y16+R16+P16+M16+J16+G16)/0,82)","18,00%","=((F16+G16+J16+M16+P16+R16+Y16)/0,82)*T16",=W16/C16,=F16,=W16*100/$W$40,=$O$49*X16%,=G16+P16+R16+U16+Y16,=Z16-G16,=Z16-AA16,=S16*18%,,,,,,6
"OBL-14-23-07 - ACABAMENTO AUTOMOTIVO TIPO MOLDURA PARA AS MACANETAS EXTERNAS, DIANTEIRAS E TRASEIRAS, CONJUNTO DE 8 PCS, EM PLASTICO ABS CROMADO, COMPATIVEL COM O AUTOMOVEL HYUNDAI CRETA. (SEM PINTURA E POLIMENTO NA PARTE TRASEIRA DAS PECAS, 3 QUALID.)","1,6000","20,0000",7,=B17*C17,=E17*$F$6,"=(1668,46*F17/($F$40))",=F17+G17,"18,00%",=(F17+G17)*I17,=F17+G17+J17,"5,00%",=(F17+G17+J17)*L17,=F17+G17,"2,10%",=O17*(F17+G17),"10,65%",=Q17*(F17+G17),"=((W17+Y17+R17+P17+M17+J17+G17)/0,82)","18,00%","=((F17+G17+J17+M17+P17+R17+Y17)/0,82)*T17",=W17/C17,=F17,=W17*100/$W$40,=$O$49*X17%,=G17+P17+R17+U17+Y17,=Z17-G17,=Z17-AA17,=S17*18%,,,,,,7
"OBL-14-23-006 - ACABAMENTO AUTOMOTIVO EM ACO INOX TIPO FRISO DAS JANELAS COMPATIVEL COM? AUTMOVEL HYUNDAI CRETA,CONJUNTO? DE 6 PECAS. (SEM PINTURA E POLIMENTO NA PARTE TRASEIRA DAS PECAS, 3 QUALID.)?","5,0000","5,0000",8,=B18*C18,=E18*$F$6,"=(1668,46*F18/($F$40))",=F18+G18,"18,00%",=(F18+G18)*I18,=F18+G18+J18,"5,00%",=(F18+G18+J18)*L18,=F18+G18,"2,10%",=O18*(F18+G18),"10,65%",=Q18*(F18+G18),"=((W18+Y18+R18+P18+M18+J18+G18)/0,82)","18,00%","=((F18+G18+J18+M18+P18+R18+Y18)/0,82)*T18",=W18/C18,=F18,=W18*100/$W$40,=$O$49*X18%,=G18+P18+R18+U18+Y18,=Z18-G18,=Z18-AA18,=S18*18%,,,,,,8
"OBL-16-13-19A - ACABAMENTO AUTOMOTIVO TIPO MOLDURA EM VOLTA DAS MACANETAS INTERNAS, EM PLASTICO ABS? (CONJUNTO DE 4 PECAS,UMA PARA CADA PORTA ) COMPATIVEL COM AUTOMOVEL JEEP? RENEGADE.? (SEM PINTURA E POLIMENTO NA PARTE TRASEIRA DAS PECAS, 3 QUALID.)? ","2,4000","5,0000",9,=B19*C19,=E19*$F$6,"=(1668,46*F19/($F$40))",=F19+G19,"18,00%",=(F19+G19)*I19,=F19+G19+J19,"5,00%",=(F19+G19+J19)*L19,=F19+G19,"2,10%",=O19*(F19+G19),"10,65%",=Q19*(F19+G19),"=((W19+Y19+R19+P19+M19+J19+G19)/0,82)","18,00%","=((F19+G19+J19+M19+P19+R19+Y19)/0,82)*T19",=W19/C19,=F19,=W19*100/$W$40,=$O$49*X19%,=G19+P19+R19+U19+Y19,=Z19-G19,=Z19-AA19,=S19*18%,,,,,,9
"OBL-17-13-006 - ACABAMENTO AUTOMOTIVO EM ACO INOX TIPO FRISO DAS JANELAS COMPATIVEL COM? AUTMOVEL COROLLA,CONJUNTO? DE 4 PECAS. (SEM PINTURA E POLIMENTO NA PARTE TRASEIRA DAS PECAS, 3 QUALID.)?","4,5000","5,0000",10,=B20*C20,=E20*$F$6,"=(1668,46*F20/($F$40))",=F20+G20,"18,00%",=(F20+G20)*I20,=F20+G20+J20,"5,00%",=(F20+G20+J20)*L20,=F20+G20,"2,10%",=O20*(F20+G20),"10,65%",=Q20*(F20+G20),"=((W20+Y20+R20+P20+M20+J20+G20)/0,82)","18,00%","=((F20+G20+J20+M20+P20+R20+Y20)/0,82)*T20",=W20/C20,=F20,=W20*100/$W$40,=$O$49*X20%,=G20+P20+R20+U20+Y20,=Z20-G20,=Z20-AA20,=S20*18%,,,,,,10
"OBL-00-00-01ZF - ACABAMENTO AUTOMOTIVO EM ACO INOX TIPO FRISO DAS JANELAS COMPATIVEL COM? AUTMOVEL JETTA,CONJUNTO? DE 6 PECAS. (SEM PINTURA E POLIMENTO NA PARTE TRASEIRA DAS PECAS, 3 QUALID.)?","4,5000","5,0000",11,=B21*C21,=E21*$F$6,"=(1668,46*F21/($F$40))",=F21+G21,"18,00%",=(F21+G21)*I21,=F21+G21+J21,"5,00%",=(F21+G21+J21)*L21,=F21+G21,"2,10%",=O21*(F21+G21),"10,65%",=Q21*(F21+G21),"=((W21+Y21+R21+P21+M21+J21+G21)/0,82)","18,00%","=((F21+G21+J21+M21+P21+R21+Y21)/0,82)*T21",=W21/C21,=F21,=W21*100/$W$40,=$O$49*X21%,=G21+P21+R21+U21+Y21,=Z21-G21,=Z21-AA21,=S21*18%,,,,,,11
"OBL-14-35-22 - ACABAMENTO AUTOMOTIVO TIPO MOLDURAS LATERAIS TIPO FRISO PARTE DE BAIXO, EM PLASTICO ABS CROMADO, PAR,? COMPATIVEL COM AUTOMOVEL HRV.? (SEM PINTURA E POLIMENTO NA PARTE TRASEIRA DAS PECAS, 3 QUALID.)?","8,0000","5,0000",12,=B22*C22,=E22*$F$6,"=(1668,46*F22/($F$40))",=F22+G22,"18,00%",=(F22+G22)*I22,=F22+G22+J22,"5,00%",=(F22+G22+J22)*L22,=F22+G22,"2,10%",=O22*(F22+G22),"10,65%",=Q22*(F22+G22),"=((W22+Y22+R22+P22+M22+J22+G22)/0,82)","18,00%","=((F22+G22+J22+M22+P22+R22+Y22)/0,82)*T22",=W22/C22,=F22,=W22*100/$W$40,=$O$49*X22%,=G22+P22+R22+U22+Y22,=Z22-G22,=Z22-AA22,=S22*18%,,,,,,12
"OBL-14-17-21 - ACABAMENTO AUTOMOTIVO TIPO MOLDURA EM VOLTA DAS MACANETAS INTERNAS, EM PLASTICO ABS (CONJUNTO DE 4 PECAS,UMA PARA CADA PORTA ) COMPATIVEL COM AUTOMOVEL COROLLA. (SEM PINTURA E POLIMENTO NA PARTE TRASEIRA DAS PECAS, 3 QUALID.)","2,1000","10,0000",13,=B23*C23,=E23*$F$6,"=(1668,46*F23/($F$40))",=F23+G23,"18,00%",=(F23+G23)*I23,=F23+G23+J23,"5,00%",=(F23+G23+J23)*L23,=F23+G23,"2,10%",=O23*(F23+G23),"10,65%",=Q23*(F23+G23),"=((W23+Y23+R23+P23+M23+J23+G23)/0,82)","18,00%","=((F23+G23+J23+M23+P23+R23+Y23)/0,82)*T23",=W23/C23,=F23,=W23*100/$W$40,=$O$49*X23%,=G23+P23+R23+U23+Y23,=Z23-G23,=Z23-AA23,=S23*18%,,,,,,13
"OBL-16-37-19T - ACABAMENTO AUTOMOTIVO DO ENTORNO DO PAINEL DA ALAVANCA DE CAMBIO, EM PLASTICO ABS PINTADO,COMPATIVEL COM AUTOMOVEL JEEP COMPASS. (SEM PINTURA E POLIMENTO NA PARTE TRASEIRA DAS PECAS, 3 QUALID.)","2,5000","15,0000",14,=B24*C24,=E24*$F$6,"=(1668,46*F24/($F$40))",=F24+G24,"18,00%",=(F24+G24)*I24,=F24+G24+J24,"5,00%",=(F24+G24+J24)*L24,=F24+G24,"2,10%",=O24*(F24+G24),"10,65%",=Q24*(F24+G24),"=((W24+Y24+R24+P24+M24+J24+G24)/0,82)","18,00%","=((F24+G24+J24+M24+P24+R24+Y24)/0,82)*T24",=W24/C24,=F24,=W24*100/$W$40,=$O$49*X24%,=G24+P24+R24+U24+Y24,=Z24-G24,=Z24-AA24,=S24*18%,,,,,,14
"OBL-14-23-19E - ACABAMENTO AUTOMOTIVO TIPO MOLDURA EM VOLTA DO PORTA COPOS NO CONSOLE CENTRAL, EM PLASTICO ABS PINTADO COMPATIVEL COM AUTOMOVEL HYUNDAI CRETA.? (SEM PINTURA E POLIMENTO NA PARTE TRASEIRA DAS PECAS, 3 QUALID.)?","2,0000","20,0000",15,=B25*C25,=E25*$F$6,"=(1668,46*F25/($F$40))",=F25+G25,"18,00%",=(F25+G25)*I25,=F25+G25+J25,"5,00%",=(F25+G25+J25)*L25,=F25+G25,"2,10%",=O25*(F25+G25),"10,65%",=Q25*(F25+G25),"=((W25+Y25+R25+P25+M25+J25+G25)/0,82)","18,00%","=((F25+G25+J25+M25+P25+R25+Y25)/0,82)*T25",=W25/C25,=F25,=W25*100/$W$40,=$O$49*X25%,=G25+P25+R25+U25+Y25,=Z25-G25,=Z25-AA25,=S25*18%,,,,,,15
"OBL-16-37-32 - ACABAMENTO AUTOMOTIVO EM? ACO INOX? TIPO FRISO DO PORTA MALA (PARTE PROXAO PARACHOQUE) COMPATIVEL COM O O AUTOMOVEL JEEP COMPASS (SEM PINTURA E POLIMENTO NA PARTE TRASEIRA DAS PECAS, 3 QUALID.)?","3,0000","15,0000",16,=B26*C26,=E26*$F$6,"=(1668,46*F26/($F$40))",=F26+G26,"18,00%",=(F26+G26)*I26,=F26+G26+J26,"5,00%",=(F26+G26+J26)*L26,=F26+G26,"2,10%",=O26*(F26+G26),"10,65%",=Q26*(F26+G26),"=((W26+Y26+R26+P26+M26+J26+G26)/0,82)","18,00%","=((F26+G26+J26+M26+P26+R26+Y26)/0,82)*T26",=W26/C26,=F26,=W26*100/$W$40,=$O$49*X26%,=G26+P26+R26+U26+Y26,=Z26-G26,=Z26-AA26,=S26*18%,,,,,,16
"OBL-16.08.19BQH - ACABAMENTO AUTOMOTIVO TIPO MOLDURA DOS COMANDOS/BOTOES INTERNOS DE ACIONAMENTO DOS VIDROS, EM PLASTICO ABS PINTADO (CONJUNTO DE 4 PECAS,UMA PARA CADA PORTA ) COMPATIVEL COM AUTOMOVEL HONDA CIVIC.? (SEM PINTURA E POLIMENTO NA PARTE TRASEIRA DAS PECAS, 3 QUALID.)?","3,3500","5,0000",17,=B27*C27,=E27*$F$6,"=(1668,46*F27/($F$40))",=F27+G27,"18,00%",=(F27+G27)*I27,=F27+G27+J27,"5,00%",=(F27+G27+J27)*L27,=F27+G27,"2,10%",=O27*(F27+G27),"10,65%",=Q27*(F27+G27),"=((W27+Y27+R27+P27+M27+J27+G27)/0,82)","18,00%","=((F27+G27+J27+M27+P27+R27+Y27)/0,82)*T27",=W27/C27,=F27,=W27*100/$W$40,=$O$49*X27%,=G27+P27+R27+U27+Y27,=Z27-G27,=Z27-AA27,=S27*18%,,,,,,17
"OBL-15-27-07LS - ACABAMENTO AUTOMOTIVO TIPO MOLDURA PARA AS MACANETAS EXTERNAS,DIANTEIRAS E TRASEIRAS, CONJUNTO DE 8 PCS, EM PLASTICO ABS CROMADO, COMPATIVEL COM O AUTOMOVEL RENAULT KICKS. (SEM PINTURA E POLIMENTO NA PARTE TRASEIRA DAS PECAS, 3 QUALID.)","1,6000","10,0000",18,=B28*C28,=E28*$F$6,"=(1668,46*F28/($F$40))",=F28+G28,"18,00%",=(F28+G28)*I28,=F28+G28+J28,"5,00%",=(F28+G28+J28)*L28,=F28+G28,"2,10%",=O28*(F28+G28),"10,65%",=Q28*(F28+G28),"=((W28+Y28+R28+P28+M28+J28+G28)/0,82)","18,00%","=((F28+G28+J28+M28+P28+R28+Y28)/0,82)*T28",=W28/C28,=F28,=W28*100/$W$40,=$O$49*X28%,=G28+P28+R28+U28+Y28,=Z28-G28,=Z28-AA28,=S28*18%,,,,,,18
"OBL-17-14-19SBK - ACABAMENTO AUTOMOTIVO TIPO MOLDURA EM VOLTA DO PORTA COPOS NO CONSOLE CENTRAL, EM PLASTICO ABS PINTADO COMPATIVEL COM AUTOMOVEL RENAULT KICKS.? (SEM PINTURA E POLIMENTO NA PARTE TRASEIRA DAS PECAS, 3 QUALID.)?","3,1500","5,0000",19,=B29*C29,=E29*$F$6,"=(1668,46*F29/($F$40))",=F29+G29,"18,00%",=(F29+G29)*I29,=F29+G29+J29,"5,00%",=(F29+G29+J29)*L29,=F29+G29,"2,10%",=O29*(F29+G29),"10,65%",=Q29*(F29+G29),"=((W29+Y29+R29+P29+M29+J29+G29)/0,82)","18,00%","=((F29+G29+J29+M29+P29+R29+Y29)/0,82)*T29",=W29/C29,=F29,=W29*100/$W$40,=$O$49*X29%,=G29+P29+R29+U29+Y29,=Z29-G29,=Z29-AA29,=S29*18%,,,,,,19
"OBL-17-14-19NLS - ACABAMENTO AUTOMOTIVO TIPO MOLDURA EM VOLTA DAS MACANETAS INTERNAS, EM PLASTICO ABS? PINTADO (CONJUNTO DE 4 PECAS,UMA PARA CADA PORTA ) COMPATIVEL COM AUTOMOVEL RENAULT KICKS.? (SEM PINTURA E POLIMENTO NA PARTE TRASEIRA DAS PECAS, 3 QUALID.)?","2,9000","5,0000",20,=B30*C30,=E30*$F$6,"=(1668,46*F30/($F$40))",=F30+G30,"18,00%",=(F30+G30)*I30,=F30+G30+J30,"5,00%",=(F30+G30+J30)*L30,=F30+G30,"2,10%",=O30*(F30+G30),"10,65%",=Q30*(F30+G30),"=((W30+Y30+R30+P30+M30+J30+G30)/0,82)","18,00%","=((F30+G30+J30+M30+P30+R30+Y30)/0,82)*T30",=W30/C30,=F30,=W30*100/$W$40,=$O$49*X30%,=G30+P30+R30+U30+Y30,=Z30-G30,=Z30-AA30,=S30*18%,,,,,,20
"OBL-14-26-27 - ACABAMENTO AUTOMOTIVO INTERNO EM PLASTICO ABS PINTADO PARA AS SAIDAS DE AR/VENTO INTERNAS DO PAINEL (CONJUNTO DE 5 PECAS) COMPATIVEL COM AUTOMOVEL? HRV.? (SEM PINTURA E POLIMENTO NA PARTE TRASEIRA DAS PECAS, 3 QUALID.)?","3,5500","5,0000",21,=B31*C31,=E31*$F$6,"=(1668,46*F31/($F$40))",=F31+G31,"18,00%",=(F31+G31)*I31,=F31+G31+J31,"5,00%",=(F31+G31+J31)*L31,=F31+G31,"2,10%",=O31*(F31+G31),"10,65%",=Q31*(F31+G31),"=((W31+Y31+R31+P31+M31+J31+G31)/0,82)","18,00%","=((F31+G31+J31+M31+P31+R31+Y31)/0,82)*T31",=W31/C31,=F31,=W31*100/$W$40,=$O$49*X31%,=G31+P31+R31+U31+Y31,=Z31-G31,=Z31-AA31,=S31*18%,,,,,,21
"OBL-16-37-19NLS - ACABAMENTO AUTOMOTIVO TIPO MOLDURA EM VOLTA DAS MACANETAS INTERNAS, EM PLASTICO ABS? (CONJUNTO DE 4 PECAS,UMA PARA CADA PORTA ) COMPATIVEL COM AUTOMOVEL JEEP COMPASS. (SEM PINTURA E POLIMENTO NA PARTE TRASEIRA DAS PECAS, 3 QUALID.)?","2,9000","10,0000",22,=B32*C32,=E32*$F$6,"=(1668,46*F32/($F$40))",=F32+G32,"18,00%",=(F32+G32)*I32,=F32+G32+J32,"5,00%",=(F32+G32+J32)*L32,=F32+G32,"2,10%",=O32*(F32+G32),"10,65%",=Q32*(F32+G32),"=((W32+Y32+R32+P32+M32+J32+G32)/0,82)","18,00%","=((F32+G32+J32+M32+P32+R32+Y32)/0,82)*T32",=W32/C32,=F32,=W32*100/$W$40,=$O$49*X32%,=G32+P32+R32+U32+Y32,=Z32-G32,=Z32-AA32,=S32*18%,,,,,,22
,,,23,=B33*C33,=E33*$F$6,"=(1414,44*F33/($F$40))",=F33+G33,"18,00%",=(F33+G33)*I33,=F33+G33+J33,"5,00%",=(F33+G33+J33)*L33,=F33+G33,"2,10%",=O33*(F33+G33),"9,65%",=Q33*(F33+G33),"=((W33+Y33+R33+P33+M33+J33+G33)/0,82)","18,00%","=((F33+G33+J33+M33+P33+R33+Y33)/0,82)*T33",=W33/C33,=F33,=W33*100/$W$40,=$O$49*X33%,=G33+P33+R33+U33+Y33,=Z33-G33,=Z33-AA33,=S33*18%,,,,,,23
,,,24,=B34*C34,=E34*$F$6,"=(1414,44*F34/($F$40))",=F34+G34,"18,00%",=(F34+G34)*I34,=F34+G34+J34,"5,00%",=(F34+G34+J34)*L34,=F34+G34,"2,10%",=O34*(F34+G34),"9,65%",=Q34*(F34+G34),"=((W34+Y34+R34+P34+M34+J34+G34)/0,82)","18,00%","=((F34+G34+J34+M34+P34+R34+Y34)/0,82)*T34",=W34/C34,=F34,=W34*100/$W$40,=$O$49*X34%,=G34+P34+R34+U34+Y34,=Z34-G34,=Z34-AA34,=S34*18%,,,,,,24
,,,25,=B35*C35,=E35*$F$6,"=(1414,44*F35/($F$40))",=F35+G35,"18,00%",=(F35+G35)*I35,=F35+G35+J35,"5,00%",=(F35+G35+J35)*L35,=F35+G35,"2,10%",=O35*(F35+G35),"9,65%",=Q35*(F35+G35),"=((W35+Y35+R35+P35+M35+J35+G35)/0,82)","18,00%","=((F35+G35+J35+M35+P35+R35+Y35)/0,82)*T35",=W35/C35,=F35,=W35*100/$W$40,=$O$49*X35%,=G35+P35+R35+U35+Y35,=Z35-G35,=Z35-AA35,=S35*18%,,,,,,25
,,,26,=B36*C36,=E36*$F$6,"=(1414,44*F36/($F$40))",=F36+G36,"18,00%",=(F36+G36)*I36,=F36+G36+J36,"5,00%",=(F36+G36+J36)*L36,=F36+G36,"2,10%",=O36*(F36+G36),"9,65%",=Q36*(F36+G36),"=((W36+Y36+R36+P36+M36+J36+G36)/0,82)","18,00%","=((F36+G36+J36+M36+P36+R36+Y36)/0,82)*T36",=W36/C36,=F36,=W36*100/$W$40,=$O$49*X36%,=G36+P36+R36+U36+Y36,=Z36-G36,=Z36-AA36,=S36*18%,,,,,,26
,,,27,=B37*C37,=E37*$F$6,"=(1414,44*F37/($F$40))",=F37+G37,"18,00%",=(F37+G37)*I37,=F37+G37+J37,"5,00%",=(F37+G37+J37)*L37,=F37+G37,"2,10%",=O37*(F37+G37),"9,65%",=Q37*(F37+G37),"=((W37+Y37+R37+P37+M37+J37+G37)/0,82)","18,00%","=((F37+G37+J37+M37+P37+R37+Y37)/0,82)*T37",=W37/C37,=F37,=W37*100/$W$40,=$O$49*X37%,=G37+P37+R37+U37+Y37,=Z37-G37,=Z37-AA37,=S37*18%,,,,,,27
,,,28,=B38*C38,=E38*$F$6,"=(1414,44*F38/($F$40))",=F38+G38,"18,00%",=(F38+G38)*I38,=F38+G38+J38,"5,00%",=(F38+G38+J38)*L38,=F38+G38,"2,10%",=O38*(F38+G38),"9,65%",=Q38*(F38+G38),"=((W38+Y38+R38+P38+M38+J38+G38)/0,82)","18,00%","=((F38+G38+J38+M38+P38+R38+Y38)/0,82)*T38",=W38/C38,=F38,=W38*100/$W$40,=$O$49*X38%,=G38+P38+R38+U38+Y38,=Z38-G38,=Z38-AA38,=S38*18%,,,,,,28
,,,,=B39*C39,=E39*$F$6,"=(1414,44*F39/($F$40))",=F39+G39,"18,00%",=(F39+G39)*I39,=F39+G39+J39,"5,00%",=(F39+G39+J39)*L39,=F39+G39,"2,10%",=O39*(F39+G39),"9,65%",=Q39*(F39+G39),"=((W39+Y39+R39+P39+M39+J39+G39)/0,82)","18,00%","=((F39+G39+J39+M39+P39+R39+Y39)/0,82)*T39",=W39/C39,=F39,=W39*100/$W$40,=$O$49*X39%,=G39+P39+R39+U39+Y39,=Z39-G39,=Z39-AA39,=S39*18%,,,,,,29
,,=SOMA(C11:C39),,=ARREDONDAR.PARA.BAIXO(SOMA(E11:E39);2),=ARREDONDAR.PARA.BAIXO(SOMA(F11:F39);2),=ARREDONDAR.PARA.BAIXO(SOMA(G11:G39);2),,,=ARREDONDAR.PARA.BAIXO(SOMA(J11:J39);2),,,=ARREDONDAR.PARA.BAIXO(SOMA(M11:M39);2),=ARREDONDAR.PARA.BAIXO(SOMA(N11:N39);2),,=ARREDONDAR.PARA.BAIXO(SOMA(P11:P39);2),,=ARREDONDAR.PARA.BAIXO(SOMA(R11:R39);2),=ARREDONDAR.PARA.BAIXO(SOMA(S11:S39);2),,=ARREDONDAR.PARA.BAIXO(SOMA(U11:U39);2),"0,00",=ARREDONDAR.PARA.BAIXO(SOMA(W11:W39);2),=ARREDONDAR.PARA.BAIXO(SOMA(X11:X39);2),=ARREDONDAR.PARA.BAIXO(SOMA(Y11:Y39);2),=ARREDONDAR.PARA.BAIXO(SOMA(Z11:Z39);2),=ARREDONDAR.PARA.BAIXO(SOMA(AA11:AA39);2),=ARREDONDAR.PARA.BAIXO(SOMA(AB11:AB39);2),=ARREDONDAR.PARA.BAIXO(SOMA(AC11:AC39);2),,,=SOMA(AF11:AF39),,=SOMA(AH11:AH39),
,,,,,,,,,,,,,,,,,,,,,,,,,,,,,,,,,,
,,,,,,,,,,,,,II,=J40,,,1a nota fiscal,,,,,,,,,,,,,,,,,
,,,,,,,,,,,,,IPI,=M40,,,VLR PRODUTOS,=F40,,,,,,,,,,,,,,,,
,,,,,,,,,,,,,PIS,=P40,,,BC ICMS,=S40,,,,,,,,,,,,,,,,
,,,,,,,,,,,,,COFINS,=R40,,,VLR ICMS,=AC40,,,,,,,,,,,,,,,,
,,,,,,,,,,,,,ICMS,=U40,,,IPI,=O43,,,,,,,,,,,,,,,,
,,,,,,,,,,,,,,=SOMA(O42:O46),,,DESP. ACESS,=O44+O45+O46+O49+G40,,,,,,,,,,,,,,,,
,,,,,,,,,,,,,,,,,TOTAL NF,=S43+O42+S46+S47,,,,,,,,,,,,,,,,
,,,,,,,,,,,,,DESP. ACESS,"214,50",,,,,,,,,,,,,,,,,,,,
